"location","latitude","sowing_date","sowing_doy","calendar_date","calendar_doy","day_in_season","temp_mean","temp_min","temp_max","photoperiod_hours","scenario"
"Fayetteville, AR",36.0726,"Early (Apr 15)",105,2023-04-15,105,1,28.2,23.7,32.7,12.95,"Fayetteville, AR - Early (Apr 15)"
"Fayetteville, AR",36.0726,"Early (Apr 15)",105,2023-04-16,106,2,23.5,19,28,12.98,"Fayetteville, AR - Early (Apr 15)"
"Fayetteville, AR",36.0726,"Early (Apr 15)",105,2023-04-17,107,3,26,21.5,30.5,13.02,"Fayetteville, AR - Early (Apr 15)"
"Fayetteville, AR",36.0726,"Early (Apr 15)",105,2023-04-18,108,4,26.8,22.3,31.3,13.06,"Fayetteville, AR - Early (Apr 15)"
"Fayetteville, AR",36.0726,"Early (Apr 15)",105,2023-04-19,109,5,26.4,21.9,30.9,13.09,"Fayetteville, AR - Early (Apr 15)"
"Fayetteville, AR",36.0726,"Early (Apr 15)",105,2023-04-20,110,6,25.3,20.8,29.8,13.13,"Fayetteville, AR - Early (Apr 15)"
"Fayetteville, AR",36.0726,"Early (Apr 15)",105,2023-04-21,111,7,29.5,25,34,13.16,"Fayetteville, AR - Early (Apr 15)"
"Fayetteville, AR",36.0726,"Early (Apr 15)",105,2023-04-22,112,8,25.6,21.1,30.1,13.2,"Fayetteville, AR - Early (Apr 15)"
"Fayetteville, AR",36.0726,"Early (Apr 15)",105,2023-04-23,113,9,31,26.5,35.5,13.23,"Fayetteville, AR - Early (Apr 15)"
"Fayetteville, AR",36.0726,"Early (Apr 15)",105,2023-04-24,114,10,26,21.5,30.5,13.27,"Fayetteville, AR - Early (Apr 15)"
"Fayetteville, AR",36.0726,"Early (Apr 15)",105,2023-04-25,115,11,29.5,25,34,13.3,"Fayetteville, AR - Early (Apr 15)"
"Fayetteville, AR",36.0726,"Early (Apr 15)",105,2023-04-26,116,12,32.1,27.6,36.6,13.33,"Fayetteville, AR - Early (Apr 15)"
"Fayetteville, AR",36.0726,"Early (Apr 15)",105,2023-04-27,117,13,23.1,18.6,27.6,13.37,"Fayetteville, AR - Early (Apr 15)"
"Fayetteville, AR",36.0726,"Early (Apr 15)",105,2023-04-28,118,14,26,21.5,30.5,13.4,"Fayetteville, AR - Early (Apr 15)"
"Fayetteville, AR",36.0726,"Early (Apr 15)",105,2023-04-29,119,15,26.5,22,31,13.43,"Fayetteville, AR - Early (Apr 15)"
"Fayetteville, AR",36.0726,"Early (Apr 15)",105,2023-04-30,120,16,28.6,24.1,33.1,13.47,"Fayetteville, AR - Early (Apr 15)"
"Fayetteville, AR",36.0726,"Early (Apr 15)",105,2023-05-01,121,17,26.4,21.9,30.9,13.5,"Fayetteville, AR - Early (Apr 15)"
"Fayetteville, AR",36.0726,"Early (Apr 15)",105,2023-05-02,122,18,20.6,16.1,25.1,13.53,"Fayetteville, AR - Early (Apr 15)"
"Fayetteville, AR",36.0726,"Early (Apr 15)",105,2023-05-03,123,19,21.3,16.8,25.8,13.56,"Fayetteville, AR - Early (Apr 15)"
"Fayetteville, AR",36.0726,"Early (Apr 15)",105,2023-05-04,124,20,30.9,26.4,35.4,13.59,"Fayetteville, AR - Early (Apr 15)"
"Fayetteville, AR",36.0726,"Early (Apr 15)",105,2023-05-05,125,21,26.9,22.4,31.4,13.63,"Fayetteville, AR - Early (Apr 15)"
"Fayetteville, AR",36.0726,"Early (Apr 15)",105,2023-05-06,126,22,23.4,18.9,27.9,13.66,"Fayetteville, AR - Early (Apr 15)"
"Fayetteville, AR",36.0726,"Early (Apr 15)",105,2023-05-07,127,23,27.6,23.1,32.1,13.69,"Fayetteville, AR - Early (Apr 15)"
"Fayetteville, AR",36.0726,"Early (Apr 15)",105,2023-05-08,128,24,31.2,26.7,35.7,13.72,"Fayetteville, AR - Early (Apr 15)"
"Fayetteville, AR",36.0726,"Early (Apr 15)",105,2023-05-09,129,25,33,28.5,37.5,13.74,"Fayetteville, AR - Early (Apr 15)"
"Fayetteville, AR",36.0726,"Early (Apr 15)",105,2023-05-10,130,26,27.3,22.8,31.8,13.77,"Fayetteville, AR - Early (Apr 15)"
"Fayetteville, AR",36.0726,"Early (Apr 15)",105,2023-05-11,131,27,27.9,23.4,32.4,13.8,"Fayetteville, AR - Early (Apr 15)"
"Fayetteville, AR",36.0726,"Early (Apr 15)",105,2023-05-12,132,28,24.3,19.8,28.8,13.83,"Fayetteville, AR - Early (Apr 15)"
"Fayetteville, AR",36.0726,"Early (Apr 15)",105,2023-05-13,133,29,29.9,25.4,34.4,13.86,"Fayetteville, AR - Early (Apr 15)"
"Fayetteville, AR",36.0726,"Early (Apr 15)",105,2023-05-14,134,30,27.3,22.8,31.8,13.88,"Fayetteville, AR - Early (Apr 15)"
"Fayetteville, AR",36.0726,"Early (Apr 15)",105,2023-05-15,135,31,30.2,25.7,34.7,13.91,"Fayetteville, AR - Early (Apr 15)"
"Fayetteville, AR",36.0726,"Early (Apr 15)",105,2023-05-16,136,32,30.9,26.4,35.4,13.94,"Fayetteville, AR - Early (Apr 15)"
"Fayetteville, AR",36.0726,"Early (Apr 15)",105,2023-05-17,137,33,31.9,27.4,36.4,13.96,"Fayetteville, AR - Early (Apr 15)"
"Fayetteville, AR",36.0726,"Early (Apr 15)",105,2023-05-18,138,34,27.9,23.4,32.4,13.99,"Fayetteville, AR - Early (Apr 15)"
"Fayetteville, AR",36.0726,"Early (Apr 15)",105,2023-05-19,139,35,30.8,26.3,35.3,14.01,"Fayetteville, AR - Early (Apr 15)"
"Fayetteville, AR",36.0726,"Early (Apr 15)",105,2023-05-20,140,36,25.4,20.9,29.9,14.03,"Fayetteville, AR - Early (Apr 15)"
"Fayetteville, AR",36.0726,"Early (Apr 15)",105,2023-05-21,141,37,27.8,23.3,32.3,14.06,"Fayetteville, AR - Early (Apr 15)"
"Fayetteville, AR",36.0726,"Early (Apr 15)",105,2023-05-22,142,38,27.8,23.3,32.3,14.08,"Fayetteville, AR - Early (Apr 15)"
"Fayetteville, AR",36.0726,"Early (Apr 15)",105,2023-05-23,143,39,24,19.5,28.5,14.1,"Fayetteville, AR - Early (Apr 15)"
"Fayetteville, AR",36.0726,"Early (Apr 15)",105,2023-05-24,144,40,30.2,25.7,34.7,14.12,"Fayetteville, AR - Early (Apr 15)"
"Fayetteville, AR",36.0726,"Early (Apr 15)",105,2023-05-25,145,41,30.8,26.3,35.3,14.14,"Fayetteville, AR - Early (Apr 15)"
"Fayetteville, AR",36.0726,"Early (Apr 15)",105,2023-05-26,146,42,29.5,25,34,14.16,"Fayetteville, AR - Early (Apr 15)"
"Fayetteville, AR",36.0726,"Early (Apr 15)",105,2023-05-27,147,43,32.4,27.9,36.9,14.18,"Fayetteville, AR - Early (Apr 15)"
"Fayetteville, AR",36.0726,"Early (Apr 15)",105,2023-05-28,148,44,28.8,24.3,33.3,14.2,"Fayetteville, AR - Early (Apr 15)"
"Fayetteville, AR",36.0726,"Early (Apr 15)",105,2023-05-29,149,45,27.3,22.8,31.8,14.22,"Fayetteville, AR - Early (Apr 15)"
"Fayetteville, AR",36.0726,"Early (Apr 15)",105,2023-05-30,150,46,31.9,27.4,36.4,14.24,"Fayetteville, AR - Early (Apr 15)"
"Fayetteville, AR",36.0726,"Early (Apr 15)",105,2023-05-31,151,47,28.9,24.4,33.4,14.25,"Fayetteville, AR - Early (Apr 15)"
"Fayetteville, AR",36.0726,"Early (Apr 15)",105,2023-06-01,152,48,34.6,30.1,39.1,14.27,"Fayetteville, AR - Early (Apr 15)"
"Fayetteville, AR",36.0726,"Early (Apr 15)",105,2023-06-02,153,49,30,25.5,34.5,14.28,"Fayetteville, AR - Early (Apr 15)"
"Fayetteville, AR",36.0726,"Early (Apr 15)",105,2023-06-03,154,50,32.9,28.4,37.4,14.3,"Fayetteville, AR - Early (Apr 15)"
"Fayetteville, AR",36.0726,"Early (Apr 15)",105,2023-06-04,155,51,32.1,27.6,36.6,14.31,"Fayetteville, AR - Early (Apr 15)"
"Fayetteville, AR",36.0726,"Early (Apr 15)",105,2023-06-05,156,52,29.4,24.9,33.9,14.33,"Fayetteville, AR - Early (Apr 15)"
"Fayetteville, AR",36.0726,"Early (Apr 15)",105,2023-06-06,157,53,35.4,30.9,39.9,14.34,"Fayetteville, AR - Early (Apr 15)"
"Fayetteville, AR",36.0726,"Early (Apr 15)",105,2023-06-07,158,54,33.2,28.7,37.7,14.35,"Fayetteville, AR - Early (Apr 15)"
"Fayetteville, AR",36.0726,"Early (Apr 15)",105,2023-06-08,159,55,31.9,27.4,36.4,14.36,"Fayetteville, AR - Early (Apr 15)"
"Fayetteville, AR",36.0726,"Early (Apr 15)",105,2023-06-09,160,56,32.5,28,37,14.37,"Fayetteville, AR - Early (Apr 15)"
"Fayetteville, AR",36.0726,"Early (Apr 15)",105,2023-06-10,161,57,33.5,29,38,14.38,"Fayetteville, AR - Early (Apr 15)"
"Fayetteville, AR",36.0726,"Early (Apr 15)",105,2023-06-11,162,58,32.2,27.7,36.7,14.39,"Fayetteville, AR - Early (Apr 15)"
"Fayetteville, AR",36.0726,"Early (Apr 15)",105,2023-06-12,163,59,24.5,20,29,14.4,"Fayetteville, AR - Early (Apr 15)"
"Fayetteville, AR",36.0726,"Early (Apr 15)",105,2023-06-13,164,60,32.8,28.3,37.3,14.41,"Fayetteville, AR - Early (Apr 15)"
"Fayetteville, AR",36.0726,"Early (Apr 15)",105,2023-06-14,165,61,31.2,26.7,35.7,14.41,"Fayetteville, AR - Early (Apr 15)"
"Fayetteville, AR",36.0726,"Early (Apr 15)",105,2023-06-15,166,62,32.7,28.2,37.2,14.42,"Fayetteville, AR - Early (Apr 15)"
"Fayetteville, AR",36.0726,"Early (Apr 15)",105,2023-06-16,167,63,33.8,29.3,38.3,14.42,"Fayetteville, AR - Early (Apr 15)"
"Fayetteville, AR",36.0726,"Early (Apr 15)",105,2023-06-17,168,64,35.9,31.4,40.4,14.43,"Fayetteville, AR - Early (Apr 15)"
"Fayetteville, AR",36.0726,"Early (Apr 15)",105,2023-06-18,169,65,30.6,26.1,35.1,14.43,"Fayetteville, AR - Early (Apr 15)"
"Fayetteville, AR",36.0726,"Early (Apr 15)",105,2023-06-19,170,66,35.8,31.3,40.3,14.43,"Fayetteville, AR - Early (Apr 15)"
"Fayetteville, AR",36.0726,"Early (Apr 15)",105,2023-06-20,171,67,33.4,28.9,37.9,14.44,"Fayetteville, AR - Early (Apr 15)"
"Fayetteville, AR",36.0726,"Early (Apr 15)",105,2023-06-21,172,68,35.2,30.7,39.7,14.44,"Fayetteville, AR - Early (Apr 15)"
"Fayetteville, AR",36.0726,"Early (Apr 15)",105,2023-06-22,173,69,35,30.5,39.5,14.44,"Fayetteville, AR - Early (Apr 15)"
"Fayetteville, AR",36.0726,"Early (Apr 15)",105,2023-06-23,174,70,34.5,30,39,14.44,"Fayetteville, AR - Early (Apr 15)"
"Fayetteville, AR",36.0726,"Early (Apr 15)",105,2023-06-24,175,71,30.2,25.7,34.7,14.43,"Fayetteville, AR - Early (Apr 15)"
"Fayetteville, AR",36.0726,"Early (Apr 15)",105,2023-06-25,176,72,32.6,28.1,37.1,14.43,"Fayetteville, AR - Early (Apr 15)"
"Fayetteville, AR",36.0726,"Early (Apr 15)",105,2023-06-26,177,73,34.4,29.9,38.9,14.43,"Fayetteville, AR - Early (Apr 15)"
"Fayetteville, AR",36.0726,"Early (Apr 15)",105,2023-06-27,178,74,30.5,26,35,14.43,"Fayetteville, AR - Early (Apr 15)"
"Fayetteville, AR",36.0726,"Early (Apr 15)",105,2023-06-28,179,75,31.6,27.1,36.1,14.42,"Fayetteville, AR - Early (Apr 15)"
"Fayetteville, AR",36.0726,"Early (Apr 15)",105,2023-06-29,180,76,34.5,30,39,14.42,"Fayetteville, AR - Early (Apr 15)"
"Fayetteville, AR",36.0726,"Early (Apr 15)",105,2023-06-30,181,77,35,30.5,39.5,14.41,"Fayetteville, AR - Early (Apr 15)"
"Fayetteville, AR",36.0726,"Early (Apr 15)",105,2023-07-01,182,78,34.2,29.7,38.7,14.4,"Fayetteville, AR - Early (Apr 15)"
"Fayetteville, AR",36.0726,"Early (Apr 15)",105,2023-07-02,183,79,30.9,26.4,35.4,14.4,"Fayetteville, AR - Early (Apr 15)"
"Fayetteville, AR",36.0726,"Early (Apr 15)",105,2023-07-03,184,80,30.4,25.9,34.9,14.39,"Fayetteville, AR - Early (Apr 15)"
"Fayetteville, AR",36.0726,"Early (Apr 15)",105,2023-07-04,185,81,37,32.5,41.5,14.38,"Fayetteville, AR - Early (Apr 15)"
"Fayetteville, AR",36.0726,"Early (Apr 15)",105,2023-07-05,186,82,33.8,29.3,38.3,14.37,"Fayetteville, AR - Early (Apr 15)"
"Fayetteville, AR",36.0726,"Early (Apr 15)",105,2023-07-06,187,83,33.4,28.9,37.9,14.36,"Fayetteville, AR - Early (Apr 15)"
"Fayetteville, AR",36.0726,"Early (Apr 15)",105,2023-07-07,188,84,32.9,28.4,37.4,14.35,"Fayetteville, AR - Early (Apr 15)"
"Fayetteville, AR",36.0726,"Early (Apr 15)",105,2023-07-08,189,85,30.3,25.8,34.8,14.34,"Fayetteville, AR - Early (Apr 15)"
"Fayetteville, AR",36.0726,"Early (Apr 15)",105,2023-07-09,190,86,34.8,30.3,39.3,14.32,"Fayetteville, AR - Early (Apr 15)"
"Fayetteville, AR",36.0726,"Early (Apr 15)",105,2023-07-10,191,87,32.7,28.2,37.2,14.31,"Fayetteville, AR - Early (Apr 15)"
"Fayetteville, AR",36.0726,"Early (Apr 15)",105,2023-07-11,192,88,32.8,28.3,37.3,14.3,"Fayetteville, AR - Early (Apr 15)"
"Fayetteville, AR",36.0726,"Early (Apr 15)",105,2023-07-12,193,89,35.6,31.1,40.1,14.28,"Fayetteville, AR - Early (Apr 15)"
"Fayetteville, AR",36.0726,"Early (Apr 15)",105,2023-07-13,194,90,35.4,30.9,39.9,14.27,"Fayetteville, AR - Early (Apr 15)"
"Fayetteville, AR",36.0726,"Early (Apr 15)",105,2023-07-14,195,91,36.8,32.3,41.3,14.25,"Fayetteville, AR - Early (Apr 15)"
"Fayetteville, AR",36.0726,"Early (Apr 15)",105,2023-07-15,196,92,32.1,27.6,36.6,14.23,"Fayetteville, AR - Early (Apr 15)"
"Fayetteville, AR",36.0726,"Early (Apr 15)",105,2023-07-16,197,93,34.9,30.4,39.4,14.22,"Fayetteville, AR - Early (Apr 15)"
"Fayetteville, AR",36.0726,"Early (Apr 15)",105,2023-07-17,198,94,36.8,32.3,41.3,14.2,"Fayetteville, AR - Early (Apr 15)"
"Fayetteville, AR",36.0726,"Early (Apr 15)",105,2023-07-18,199,95,30.5,26,35,14.18,"Fayetteville, AR - Early (Apr 15)"
"Fayetteville, AR",36.0726,"Early (Apr 15)",105,2023-07-19,200,96,31.1,26.6,35.6,14.16,"Fayetteville, AR - Early (Apr 15)"
"Fayetteville, AR",36.0726,"Early (Apr 15)",105,2023-07-20,201,97,30.4,25.9,34.9,14.14,"Fayetteville, AR - Early (Apr 15)"
"Fayetteville, AR",36.0726,"Early (Apr 15)",105,2023-07-21,202,98,29.6,25.1,34.1,14.12,"Fayetteville, AR - Early (Apr 15)"
"Fayetteville, AR",36.0726,"Early (Apr 15)",105,2023-07-22,203,99,33.4,28.9,37.9,14.1,"Fayetteville, AR - Early (Apr 15)"
"Fayetteville, AR",36.0726,"Early (Apr 15)",105,2023-07-23,204,100,34.8,30.3,39.3,14.08,"Fayetteville, AR - Early (Apr 15)"
"Fayetteville, AR",36.0726,"Early (Apr 15)",105,2023-07-24,205,101,36.2,31.7,40.7,14.05,"Fayetteville, AR - Early (Apr 15)"
"Fayetteville, AR",36.0726,"Early (Apr 15)",105,2023-07-25,206,102,35.8,31.3,40.3,14.03,"Fayetteville, AR - Early (Apr 15)"
"Fayetteville, AR",36.0726,"Early (Apr 15)",105,2023-07-26,207,103,30.6,26.1,35.1,14.01,"Fayetteville, AR - Early (Apr 15)"
"Fayetteville, AR",36.0726,"Early (Apr 15)",105,2023-07-27,208,104,37.7,33.2,42.2,13.98,"Fayetteville, AR - Early (Apr 15)"
"Fayetteville, AR",36.0726,"Early (Apr 15)",105,2023-07-28,209,105,31.4,26.9,35.9,13.96,"Fayetteville, AR - Early (Apr 15)"
"Fayetteville, AR",36.0726,"Early (Apr 15)",105,2023-07-29,210,106,33.3,28.8,37.8,13.93,"Fayetteville, AR - Early (Apr 15)"
"Fayetteville, AR",36.0726,"Early (Apr 15)",105,2023-07-30,211,107,31.9,27.4,36.4,13.91,"Fayetteville, AR - Early (Apr 15)"
"Fayetteville, AR",36.0726,"Early (Apr 15)",105,2023-07-31,212,108,32.6,28.1,37.1,13.88,"Fayetteville, AR - Early (Apr 15)"
"Fayetteville, AR",36.0726,"Early (Apr 15)",105,2023-08-01,213,109,33.4,28.9,37.9,13.86,"Fayetteville, AR - Early (Apr 15)"
"Fayetteville, AR",36.0726,"Early (Apr 15)",105,2023-08-02,214,110,33.1,28.6,37.6,13.83,"Fayetteville, AR - Early (Apr 15)"
"Fayetteville, AR",36.0726,"Early (Apr 15)",105,2023-08-03,215,111,32.7,28.2,37.2,13.8,"Fayetteville, AR - Early (Apr 15)"
"Fayetteville, AR",36.0726,"Early (Apr 15)",105,2023-08-04,216,112,33,28.5,37.5,13.77,"Fayetteville, AR - Early (Apr 15)"
"Fayetteville, AR",36.0726,"Early (Apr 15)",105,2023-08-05,217,113,31.5,27,36,13.75,"Fayetteville, AR - Early (Apr 15)"
"Fayetteville, AR",36.0726,"Early (Apr 15)",105,2023-08-06,218,114,31.4,26.9,35.9,13.72,"Fayetteville, AR - Early (Apr 15)"
"Fayetteville, AR",36.0726,"Early (Apr 15)",105,2023-08-07,219,115,28.4,23.9,32.9,13.69,"Fayetteville, AR - Early (Apr 15)"
"Fayetteville, AR",36.0726,"Early (Apr 15)",105,2023-08-08,220,116,31.5,27,36,13.66,"Fayetteville, AR - Early (Apr 15)"
"Fayetteville, AR",36.0726,"Early (Apr 15)",105,2023-08-09,221,117,31.2,26.7,35.7,13.63,"Fayetteville, AR - Early (Apr 15)"
"Fayetteville, AR",36.0726,"Early (Apr 15)",105,2023-08-10,222,118,39.1,34.6,43.6,13.6,"Fayetteville, AR - Early (Apr 15)"
"Fayetteville, AR",36.0726,"Early (Apr 15)",105,2023-08-11,223,119,28.9,24.4,33.4,13.57,"Fayetteville, AR - Early (Apr 15)"
"Fayetteville, AR",36.0726,"Early (Apr 15)",105,2023-08-12,224,120,32.6,28.1,37.1,13.54,"Fayetteville, AR - Early (Apr 15)"
"Fayetteville, AR",36.0726,"Early (Apr 15)",105,2023-08-13,225,121,28.4,23.9,32.9,13.51,"Fayetteville, AR - Early (Apr 15)"
"Fayetteville, AR",36.0726,"Early (Apr 15)",105,2023-08-14,226,122,28.4,23.9,32.9,13.47,"Fayetteville, AR - Early (Apr 15)"
"Fayetteville, AR",36.0726,"Early (Apr 15)",105,2023-08-15,227,123,32.3,27.8,36.8,13.44,"Fayetteville, AR - Early (Apr 15)"
"Fayetteville, AR",36.0726,"Early (Apr 15)",105,2023-08-16,228,124,29.4,24.9,33.9,13.41,"Fayetteville, AR - Early (Apr 15)"
"Fayetteville, AR",36.0726,"Early (Apr 15)",105,2023-08-17,229,125,31.8,27.3,36.3,13.38,"Fayetteville, AR - Early (Apr 15)"
"Fayetteville, AR",36.0726,"Early (Apr 15)",105,2023-08-18,230,126,30.7,26.2,35.2,13.34,"Fayetteville, AR - Early (Apr 15)"
"Fayetteville, AR",36.0726,"Early (Apr 15)",105,2023-08-19,231,127,30.1,25.6,34.6,13.31,"Fayetteville, AR - Early (Apr 15)"
"Fayetteville, AR",36.0726,"Early (Apr 15)",105,2023-08-20,232,128,26.5,22,31,13.28,"Fayetteville, AR - Early (Apr 15)"
"Fayetteville, AR",36.0726,"Early (Apr 15)",105,2023-08-21,233,129,28.4,23.9,32.9,13.24,"Fayetteville, AR - Early (Apr 15)"
"Fayetteville, AR",36.0726,"Early (Apr 15)",105,2023-08-22,234,130,31.9,27.4,36.4,13.21,"Fayetteville, AR - Early (Apr 15)"
"Fayetteville, AR",36.0726,"Late (Jun 15)",166,2023-06-15,166,1,33.7,29.2,38.2,14.42,"Fayetteville, AR - Late (Jun 15)"
"Fayetteville, AR",36.0726,"Late (Jun 15)",166,2023-06-16,167,2,31.1,26.6,35.6,14.42,"Fayetteville, AR - Late (Jun 15)"
"Fayetteville, AR",36.0726,"Late (Jun 15)",166,2023-06-17,168,3,32.4,27.9,36.9,14.43,"Fayetteville, AR - Late (Jun 15)"
"Fayetteville, AR",36.0726,"Late (Jun 15)",166,2023-06-18,169,4,35.2,30.7,39.7,14.43,"Fayetteville, AR - Late (Jun 15)"
"Fayetteville, AR",36.0726,"Late (Jun 15)",166,2023-06-19,170,5,36.1,31.6,40.6,14.43,"Fayetteville, AR - Late (Jun 15)"
"Fayetteville, AR",36.0726,"Late (Jun 15)",166,2023-06-20,171,6,29.8,25.3,34.3,14.44,"Fayetteville, AR - Late (Jun 15)"
"Fayetteville, AR",36.0726,"Late (Jun 15)",166,2023-06-21,172,7,32.3,27.8,36.8,14.44,"Fayetteville, AR - Late (Jun 15)"
"Fayetteville, AR",36.0726,"Late (Jun 15)",166,2023-06-22,173,8,35.7,31.2,40.2,14.44,"Fayetteville, AR - Late (Jun 15)"
"Fayetteville, AR",36.0726,"Late (Jun 15)",166,2023-06-23,174,9,31.6,27.1,36.1,14.44,"Fayetteville, AR - Late (Jun 15)"
"Fayetteville, AR",36.0726,"Late (Jun 15)",166,2023-06-24,175,10,32.7,28.2,37.2,14.43,"Fayetteville, AR - Late (Jun 15)"
"Fayetteville, AR",36.0726,"Late (Jun 15)",166,2023-06-25,176,11,32.6,28.1,37.1,14.43,"Fayetteville, AR - Late (Jun 15)"
"Fayetteville, AR",36.0726,"Late (Jun 15)",166,2023-06-26,177,12,30.7,26.2,35.2,14.43,"Fayetteville, AR - Late (Jun 15)"
"Fayetteville, AR",36.0726,"Late (Jun 15)",166,2023-06-27,178,13,31.8,27.3,36.3,14.43,"Fayetteville, AR - Late (Jun 15)"
"Fayetteville, AR",36.0726,"Late (Jun 15)",166,2023-06-28,179,14,32.9,28.4,37.4,14.42,"Fayetteville, AR - Late (Jun 15)"
"Fayetteville, AR",36.0726,"Late (Jun 15)",166,2023-06-29,180,15,32,27.5,36.5,14.42,"Fayetteville, AR - Late (Jun 15)"
"Fayetteville, AR",36.0726,"Late (Jun 15)",166,2023-06-30,181,16,35.8,31.3,40.3,14.41,"Fayetteville, AR - Late (Jun 15)"
"Fayetteville, AR",36.0726,"Late (Jun 15)",166,2023-07-01,182,17,31.9,27.4,36.4,14.4,"Fayetteville, AR - Late (Jun 15)"
"Fayetteville, AR",36.0726,"Late (Jun 15)",166,2023-07-02,183,18,32,27.5,36.5,14.4,"Fayetteville, AR - Late (Jun 15)"
"Fayetteville, AR",36.0726,"Late (Jun 15)",166,2023-07-03,184,19,34.9,30.4,39.4,14.39,"Fayetteville, AR - Late (Jun 15)"
"Fayetteville, AR",36.0726,"Late (Jun 15)",166,2023-07-04,185,20,30.5,26,35,14.38,"Fayetteville, AR - Late (Jun 15)"
"Fayetteville, AR",36.0726,"Late (Jun 15)",166,2023-07-05,186,21,33.1,28.6,37.6,14.37,"Fayetteville, AR - Late (Jun 15)"
"Fayetteville, AR",36.0726,"Late (Jun 15)",166,2023-07-06,187,22,29.3,24.8,33.8,14.36,"Fayetteville, AR - Late (Jun 15)"
"Fayetteville, AR",36.0726,"Late (Jun 15)",166,2023-07-07,188,23,36.2,31.7,40.7,14.35,"Fayetteville, AR - Late (Jun 15)"
"Fayetteville, AR",36.0726,"Late (Jun 15)",166,2023-07-08,189,24,32.6,28.1,37.1,14.34,"Fayetteville, AR - Late (Jun 15)"
"Fayetteville, AR",36.0726,"Late (Jun 15)",166,2023-07-09,190,25,32.1,27.6,36.6,14.32,"Fayetteville, AR - Late (Jun 15)"
"Fayetteville, AR",36.0726,"Late (Jun 15)",166,2023-07-10,191,26,30.2,25.7,34.7,14.31,"Fayetteville, AR - Late (Jun 15)"
"Fayetteville, AR",36.0726,"Late (Jun 15)",166,2023-07-11,192,27,33.3,28.8,37.8,14.3,"Fayetteville, AR - Late (Jun 15)"
"Fayetteville, AR",36.0726,"Late (Jun 15)",166,2023-07-12,193,28,31.3,26.8,35.8,14.28,"Fayetteville, AR - Late (Jun 15)"
"Fayetteville, AR",36.0726,"Late (Jun 15)",166,2023-07-13,194,29,32,27.5,36.5,14.27,"Fayetteville, AR - Late (Jun 15)"
"Fayetteville, AR",36.0726,"Late (Jun 15)",166,2023-07-14,195,30,36.5,32,41,14.25,"Fayetteville, AR - Late (Jun 15)"
"Fayetteville, AR",36.0726,"Late (Jun 15)",166,2023-07-15,196,31,32.9,28.4,37.4,14.23,"Fayetteville, AR - Late (Jun 15)"
"Fayetteville, AR",36.0726,"Late (Jun 15)",166,2023-07-16,197,32,30.6,26.1,35.1,14.22,"Fayetteville, AR - Late (Jun 15)"
"Fayetteville, AR",36.0726,"Late (Jun 15)",166,2023-07-17,198,33,33.7,29.2,38.2,14.2,"Fayetteville, AR - Late (Jun 15)"
"Fayetteville, AR",36.0726,"Late (Jun 15)",166,2023-07-18,199,34,32.4,27.9,36.9,14.18,"Fayetteville, AR - Late (Jun 15)"
"Fayetteville, AR",36.0726,"Late (Jun 15)",166,2023-07-19,200,35,34.7,30.2,39.2,14.16,"Fayetteville, AR - Late (Jun 15)"
"Fayetteville, AR",36.0726,"Late (Jun 15)",166,2023-07-20,201,36,36.8,32.3,41.3,14.14,"Fayetteville, AR - Late (Jun 15)"
"Fayetteville, AR",36.0726,"Late (Jun 15)",166,2023-07-21,202,37,30.8,26.3,35.3,14.12,"Fayetteville, AR - Late (Jun 15)"
"Fayetteville, AR",36.0726,"Late (Jun 15)",166,2023-07-22,203,38,34.4,29.9,38.9,14.1,"Fayetteville, AR - Late (Jun 15)"
"Fayetteville, AR",36.0726,"Late (Jun 15)",166,2023-07-23,204,39,33.4,28.9,37.9,14.08,"Fayetteville, AR - Late (Jun 15)"
"Fayetteville, AR",36.0726,"Late (Jun 15)",166,2023-07-24,205,40,35.4,30.9,39.9,14.05,"Fayetteville, AR - Late (Jun 15)"
"Fayetteville, AR",36.0726,"Late (Jun 15)",166,2023-07-25,206,41,32.6,28.1,37.1,14.03,"Fayetteville, AR - Late (Jun 15)"
"Fayetteville, AR",36.0726,"Late (Jun 15)",166,2023-07-26,207,42,35.2,30.7,39.7,14.01,"Fayetteville, AR - Late (Jun 15)"
"Fayetteville, AR",36.0726,"Late (Jun 15)",166,2023-07-27,208,43,28.7,24.2,33.2,13.98,"Fayetteville, AR - Late (Jun 15)"
"Fayetteville, AR",36.0726,"Late (Jun 15)",166,2023-07-28,209,44,37.3,32.8,41.8,13.96,"Fayetteville, AR - Late (Jun 15)"
"Fayetteville, AR",36.0726,"Late (Jun 15)",166,2023-07-29,210,45,35.2,30.7,39.7,13.93,"Fayetteville, AR - Late (Jun 15)"
"Fayetteville, AR",36.0726,"Late (Jun 15)",166,2023-07-30,211,46,32.6,28.1,37.1,13.91,"Fayetteville, AR - Late (Jun 15)"
"Fayetteville, AR",36.0726,"Late (Jun 15)",166,2023-07-31,212,47,29.3,24.8,33.8,13.88,"Fayetteville, AR - Late (Jun 15)"
"Fayetteville, AR",36.0726,"Late (Jun 15)",166,2023-08-01,213,48,34.5,30,39,13.86,"Fayetteville, AR - Late (Jun 15)"
"Fayetteville, AR",36.0726,"Late (Jun 15)",166,2023-08-02,214,49,34,29.5,38.5,13.83,"Fayetteville, AR - Late (Jun 15)"
"Fayetteville, AR",36.0726,"Late (Jun 15)",166,2023-08-03,215,50,32.8,28.3,37.3,13.8,"Fayetteville, AR - Late (Jun 15)"
"Fayetteville, AR",36.0726,"Late (Jun 15)",166,2023-08-04,216,51,33.1,28.6,37.6,13.77,"Fayetteville, AR - Late (Jun 15)"
"Fayetteville, AR",36.0726,"Late (Jun 15)",166,2023-08-05,217,52,31.2,26.7,35.7,13.75,"Fayetteville, AR - Late (Jun 15)"
"Fayetteville, AR",36.0726,"Late (Jun 15)",166,2023-08-06,218,53,33.5,29,38,13.72,"Fayetteville, AR - Late (Jun 15)"
"Fayetteville, AR",36.0726,"Late (Jun 15)",166,2023-08-07,219,54,33.3,28.8,37.8,13.69,"Fayetteville, AR - Late (Jun 15)"
"Fayetteville, AR",36.0726,"Late (Jun 15)",166,2023-08-08,220,55,31.8,27.3,36.3,13.66,"Fayetteville, AR - Late (Jun 15)"
"Fayetteville, AR",36.0726,"Late (Jun 15)",166,2023-08-09,221,56,29.1,24.6,33.6,13.63,"Fayetteville, AR - Late (Jun 15)"
"Fayetteville, AR",36.0726,"Late (Jun 15)",166,2023-08-10,222,57,34.1,29.6,38.6,13.6,"Fayetteville, AR - Late (Jun 15)"
"Fayetteville, AR",36.0726,"Late (Jun 15)",166,2023-08-11,223,58,33.7,29.2,38.2,13.57,"Fayetteville, AR - Late (Jun 15)"
"Fayetteville, AR",36.0726,"Late (Jun 15)",166,2023-08-12,224,59,30.1,25.6,34.6,13.54,"Fayetteville, AR - Late (Jun 15)"
"Fayetteville, AR",36.0726,"Late (Jun 15)",166,2023-08-13,225,60,28.2,23.7,32.7,13.51,"Fayetteville, AR - Late (Jun 15)"
"Fayetteville, AR",36.0726,"Late (Jun 15)",166,2023-08-14,226,61,32.6,28.1,37.1,13.47,"Fayetteville, AR - Late (Jun 15)"
"Fayetteville, AR",36.0726,"Late (Jun 15)",166,2023-08-15,227,62,31.1,26.6,35.6,13.44,"Fayetteville, AR - Late (Jun 15)"
"Fayetteville, AR",36.0726,"Late (Jun 15)",166,2023-08-16,228,63,32.6,28.1,37.1,13.41,"Fayetteville, AR - Late (Jun 15)"
"Fayetteville, AR",36.0726,"Late (Jun 15)",166,2023-08-17,229,64,28.6,24.1,33.1,13.38,"Fayetteville, AR - Late (Jun 15)"
"Fayetteville, AR",36.0726,"Late (Jun 15)",166,2023-08-18,230,65,29.4,24.9,33.9,13.34,"Fayetteville, AR - Late (Jun 15)"
"Fayetteville, AR",36.0726,"Late (Jun 15)",166,2023-08-19,231,66,34.4,29.9,38.9,13.31,"Fayetteville, AR - Late (Jun 15)"
"Fayetteville, AR",36.0726,"Late (Jun 15)",166,2023-08-20,232,67,32.6,28.1,37.1,13.28,"Fayetteville, AR - Late (Jun 15)"
"Fayetteville, AR",36.0726,"Late (Jun 15)",166,2023-08-21,233,68,33,28.5,37.5,13.24,"Fayetteville, AR - Late (Jun 15)"
"Fayetteville, AR",36.0726,"Late (Jun 15)",166,2023-08-22,234,69,35.9,31.4,40.4,13.21,"Fayetteville, AR - Late (Jun 15)"
"Fayetteville, AR",36.0726,"Late (Jun 15)",166,2023-08-23,235,70,31.6,27.1,36.1,13.18,"Fayetteville, AR - Late (Jun 15)"
"Fayetteville, AR",36.0726,"Late (Jun 15)",166,2023-08-24,236,71,26.2,21.7,30.7,13.14,"Fayetteville, AR - Late (Jun 15)"
"Fayetteville, AR",36.0726,"Late (Jun 15)",166,2023-08-25,237,72,32,27.5,36.5,13.11,"Fayetteville, AR - Late (Jun 15)"
"Fayetteville, AR",36.0726,"Late (Jun 15)",166,2023-08-26,238,73,33.9,29.4,38.4,13.07,"Fayetteville, AR - Late (Jun 15)"
"Fayetteville, AR",36.0726,"Late (Jun 15)",166,2023-08-27,239,74,36.1,31.6,40.6,13.04,"Fayetteville, AR - Late (Jun 15)"
"Fayetteville, AR",36.0726,"Late (Jun 15)",166,2023-08-28,240,75,27.4,22.9,31.9,13,"Fayetteville, AR - Late (Jun 15)"
"Fayetteville, AR",36.0726,"Late (Jun 15)",166,2023-08-29,241,76,27.8,23.3,32.3,12.96,"Fayetteville, AR - Late (Jun 15)"
"Fayetteville, AR",36.0726,"Late (Jun 15)",166,2023-08-30,242,77,28.8,24.3,33.3,12.93,"Fayetteville, AR - Late (Jun 15)"
"Fayetteville, AR",36.0726,"Late (Jun 15)",166,2023-08-31,243,78,27.9,23.4,32.4,12.89,"Fayetteville, AR - Late (Jun 15)"
"Fayetteville, AR",36.0726,"Late (Jun 15)",166,2023-09-01,244,79,28.8,24.3,33.3,12.86,"Fayetteville, AR - Late (Jun 15)"
"Fayetteville, AR",36.0726,"Late (Jun 15)",166,2023-09-02,245,80,29.8,25.3,34.3,12.82,"Fayetteville, AR - Late (Jun 15)"
"Fayetteville, AR",36.0726,"Late (Jun 15)",166,2023-09-03,246,81,27.1,22.6,31.6,12.78,"Fayetteville, AR - Late (Jun 15)"
"Fayetteville, AR",36.0726,"Late (Jun 15)",166,2023-09-04,247,82,35.1,30.6,39.6,12.75,"Fayetteville, AR - Late (Jun 15)"
"Fayetteville, AR",36.0726,"Late (Jun 15)",166,2023-09-05,248,83,30.2,25.7,34.7,12.71,"Fayetteville, AR - Late (Jun 15)"
"Fayetteville, AR",36.0726,"Late (Jun 15)",166,2023-09-06,249,84,29.6,25.1,34.1,12.67,"Fayetteville, AR - Late (Jun 15)"
"Fayetteville, AR",36.0726,"Late (Jun 15)",166,2023-09-07,250,85,30.9,26.4,35.4,12.63,"Fayetteville, AR - Late (Jun 15)"
"Fayetteville, AR",36.0726,"Late (Jun 15)",166,2023-09-08,251,86,29.6,25.1,34.1,12.6,"Fayetteville, AR - Late (Jun 15)"
"Fayetteville, AR",36.0726,"Late (Jun 15)",166,2023-09-09,252,87,29.1,24.6,33.6,12.56,"Fayetteville, AR - Late (Jun 15)"
"Fayetteville, AR",36.0726,"Late (Jun 15)",166,2023-09-10,253,88,33,28.5,37.5,12.52,"Fayetteville, AR - Late (Jun 15)"
"Fayetteville, AR",36.0726,"Late (Jun 15)",166,2023-09-11,254,89,28.6,24.1,33.1,12.48,"Fayetteville, AR - Late (Jun 15)"
"Fayetteville, AR",36.0726,"Late (Jun 15)",166,2023-09-12,255,90,25.8,21.3,30.3,12.45,"Fayetteville, AR - Late (Jun 15)"
"Fayetteville, AR",36.0726,"Late (Jun 15)",166,2023-09-13,256,91,29.9,25.4,34.4,12.41,"Fayetteville, AR - Late (Jun 15)"
"Fayetteville, AR",36.0726,"Late (Jun 15)",166,2023-09-14,257,92,27.9,23.4,32.4,12.37,"Fayetteville, AR - Late (Jun 15)"
"Fayetteville, AR",36.0726,"Late (Jun 15)",166,2023-09-15,258,93,27.4,22.9,31.9,12.33,"Fayetteville, AR - Late (Jun 15)"
"Fayetteville, AR",36.0726,"Late (Jun 15)",166,2023-09-16,259,94,25.9,21.4,30.4,12.29,"Fayetteville, AR - Late (Jun 15)"
"Fayetteville, AR",36.0726,"Late (Jun 15)",166,2023-09-17,260,95,29.5,25,34,12.26,"Fayetteville, AR - Late (Jun 15)"
"Fayetteville, AR",36.0726,"Late (Jun 15)",166,2023-09-18,261,96,27.8,23.3,32.3,12.22,"Fayetteville, AR - Late (Jun 15)"
"Fayetteville, AR",36.0726,"Late (Jun 15)",166,2023-09-19,262,97,29.4,24.9,33.9,12.18,"Fayetteville, AR - Late (Jun 15)"
"Fayetteville, AR",36.0726,"Late (Jun 15)",166,2023-09-20,263,98,27.4,22.9,31.9,12.14,"Fayetteville, AR - Late (Jun 15)"
"Fayetteville, AR",36.0726,"Late (Jun 15)",166,2023-09-21,264,99,26.2,21.7,30.7,12.1,"Fayetteville, AR - Late (Jun 15)"
"Fayetteville, AR",36.0726,"Late (Jun 15)",166,2023-09-22,265,100,30.8,26.3,35.3,12.06,"Fayetteville, AR - Late (Jun 15)"
"Fayetteville, AR",36.0726,"Late (Jun 15)",166,2023-09-23,266,101,26.9,22.4,31.4,12.02,"Fayetteville, AR - Late (Jun 15)"
"Fayetteville, AR",36.0726,"Late (Jun 15)",166,2023-09-24,267,102,29.8,25.3,34.3,11.99,"Fayetteville, AR - Late (Jun 15)"
"Fayetteville, AR",36.0726,"Late (Jun 15)",166,2023-09-25,268,103,24.3,19.8,28.8,11.95,"Fayetteville, AR - Late (Jun 15)"
"Fayetteville, AR",36.0726,"Late (Jun 15)",166,2023-09-26,269,104,26,21.5,30.5,11.91,"Fayetteville, AR - Late (Jun 15)"
"Fayetteville, AR",36.0726,"Late (Jun 15)",166,2023-09-27,270,105,26.3,21.8,30.8,11.87,"Fayetteville, AR - Late (Jun 15)"
"Fayetteville, AR",36.0726,"Late (Jun 15)",166,2023-09-28,271,106,25.9,21.4,30.4,11.83,"Fayetteville, AR - Late (Jun 15)"
"Fayetteville, AR",36.0726,"Late (Jun 15)",166,2023-09-29,272,107,30.1,25.6,34.6,11.79,"Fayetteville, AR - Late (Jun 15)"
"Fayetteville, AR",36.0726,"Late (Jun 15)",166,2023-09-30,273,108,26.5,22,31,11.75,"Fayetteville, AR - Late (Jun 15)"
"Fayetteville, AR",36.0726,"Late (Jun 15)",166,2023-10-01,274,109,27,22.5,31.5,11.72,"Fayetteville, AR - Late (Jun 15)"
"Fayetteville, AR",36.0726,"Late (Jun 15)",166,2023-10-02,275,110,23.9,19.4,28.4,11.68,"Fayetteville, AR - Late (Jun 15)"
"Fayetteville, AR",36.0726,"Late (Jun 15)",166,2023-10-03,276,111,24.3,19.8,28.8,11.64,"Fayetteville, AR - Late (Jun 15)"
"Fayetteville, AR",36.0726,"Late (Jun 15)",166,2023-10-04,277,112,28.5,24,33,11.6,"Fayetteville, AR - Late (Jun 15)"
"Fayetteville, AR",36.0726,"Late (Jun 15)",166,2023-10-05,278,113,29,24.5,33.5,11.56,"Fayetteville, AR - Late (Jun 15)"
"Fayetteville, AR",36.0726,"Late (Jun 15)",166,2023-10-06,279,114,28.8,24.3,33.3,11.52,"Fayetteville, AR - Late (Jun 15)"
"Fayetteville, AR",36.0726,"Late (Jun 15)",166,2023-10-07,280,115,22.1,17.6,26.6,11.48,"Fayetteville, AR - Late (Jun 15)"
"Fayetteville, AR",36.0726,"Late (Jun 15)",166,2023-10-08,281,116,30.5,26,35,11.45,"Fayetteville, AR - Late (Jun 15)"
"Fayetteville, AR",36.0726,"Late (Jun 15)",166,2023-10-09,282,117,27.8,23.3,32.3,11.41,"Fayetteville, AR - Late (Jun 15)"
"Fayetteville, AR",36.0726,"Late (Jun 15)",166,2023-10-10,283,118,25,20.5,29.5,11.37,"Fayetteville, AR - Late (Jun 15)"
"Fayetteville, AR",36.0726,"Late (Jun 15)",166,2023-10-11,284,119,26.7,22.2,31.2,11.33,"Fayetteville, AR - Late (Jun 15)"
"Fayetteville, AR",36.0726,"Late (Jun 15)",166,2023-10-12,285,120,22.4,17.9,26.9,11.29,"Fayetteville, AR - Late (Jun 15)"
"Fayetteville, AR",36.0726,"Late (Jun 15)",166,2023-10-13,286,121,22.1,17.6,26.6,11.26,"Fayetteville, AR - Late (Jun 15)"
"Fayetteville, AR",36.0726,"Late (Jun 15)",166,2023-10-14,287,122,24.9,20.4,29.4,11.22,"Fayetteville, AR - Late (Jun 15)"
"Fayetteville, AR",36.0726,"Late (Jun 15)",166,2023-10-15,288,123,21.8,17.3,26.3,11.18,"Fayetteville, AR - Late (Jun 15)"
"Fayetteville, AR",36.0726,"Late (Jun 15)",166,2023-10-16,289,124,25.3,20.8,29.8,11.14,"Fayetteville, AR - Late (Jun 15)"
"Fayetteville, AR",36.0726,"Late (Jun 15)",166,2023-10-17,290,125,28,23.5,32.5,11.1,"Fayetteville, AR - Late (Jun 15)"
"Fayetteville, AR",36.0726,"Late (Jun 15)",166,2023-10-18,291,126,22.2,17.7,26.7,11.07,"Fayetteville, AR - Late (Jun 15)"
"Fayetteville, AR",36.0726,"Late (Jun 15)",166,2023-10-19,292,127,23,18.5,27.5,11.03,"Fayetteville, AR - Late (Jun 15)"
"Fayetteville, AR",36.0726,"Late (Jun 15)",166,2023-10-20,293,128,24.9,20.4,29.4,10.99,"Fayetteville, AR - Late (Jun 15)"
"Fayetteville, AR",36.0726,"Late (Jun 15)",166,2023-10-21,294,129,22.3,17.8,26.8,10.96,"Fayetteville, AR - Late (Jun 15)"
"Fayetteville, AR",36.0726,"Late (Jun 15)",166,2023-10-22,295,130,23.8,19.3,28.3,10.92,"Fayetteville, AR - Late (Jun 15)"
"Columbia, MO",38.2526,"Early (Apr 15)",105,2023-04-15,105,1,25.6,21.1,30.1,13.02,"Columbia, MO - Early (Apr 15)"
"Columbia, MO",38.2526,"Early (Apr 15)",105,2023-04-16,106,2,26.1,21.6,30.6,13.06,"Columbia, MO - Early (Apr 15)"
"Columbia, MO",38.2526,"Early (Apr 15)",105,2023-04-17,107,3,24.6,20.1,29.1,13.1,"Columbia, MO - Early (Apr 15)"
"Columbia, MO",38.2526,"Early (Apr 15)",105,2023-04-18,108,4,18.5,14,23,13.14,"Columbia, MO - Early (Apr 15)"
"Columbia, MO",38.2526,"Early (Apr 15)",105,2023-04-19,109,5,23.7,19.2,28.2,13.18,"Columbia, MO - Early (Apr 15)"
"Columbia, MO",38.2526,"Early (Apr 15)",105,2023-04-20,110,6,27,22.5,31.5,13.22,"Columbia, MO - Early (Apr 15)"
"Columbia, MO",38.2526,"Early (Apr 15)",105,2023-04-21,111,7,26.4,21.9,30.9,13.26,"Columbia, MO - Early (Apr 15)"
"Columbia, MO",38.2526,"Early (Apr 15)",105,2023-04-22,112,8,23.8,19.3,28.3,13.3,"Columbia, MO - Early (Apr 15)"
"Columbia, MO",38.2526,"Early (Apr 15)",105,2023-04-23,113,9,16.9,12.4,21.4,13.33,"Columbia, MO - Early (Apr 15)"
"Columbia, MO",38.2526,"Early (Apr 15)",105,2023-04-24,114,10,24.8,20.3,29.3,13.37,"Columbia, MO - Early (Apr 15)"
"Columbia, MO",38.2526,"Early (Apr 15)",105,2023-04-25,115,11,26.4,21.9,30.9,13.41,"Columbia, MO - Early (Apr 15)"
"Columbia, MO",38.2526,"Early (Apr 15)",105,2023-04-26,116,12,25,20.5,29.5,13.45,"Columbia, MO - Early (Apr 15)"
"Columbia, MO",38.2526,"Early (Apr 15)",105,2023-04-27,117,13,25.5,21,30,13.48,"Columbia, MO - Early (Apr 15)"
"Columbia, MO",38.2526,"Early (Apr 15)",105,2023-04-28,118,14,26.4,21.9,30.9,13.52,"Columbia, MO - Early (Apr 15)"
"Columbia, MO",38.2526,"Early (Apr 15)",105,2023-04-29,119,15,24.3,19.8,28.8,13.55,"Columbia, MO - Early (Apr 15)"
"Columbia, MO",38.2526,"Early (Apr 15)",105,2023-04-30,120,16,29.2,24.7,33.7,13.59,"Columbia, MO - Early (Apr 15)"
"Columbia, MO",38.2526,"Early (Apr 15)",105,2023-05-01,121,17,27,22.5,31.5,13.62,"Columbia, MO - Early (Apr 15)"
"Columbia, MO",38.2526,"Early (Apr 15)",105,2023-05-02,122,18,22.4,17.9,26.9,13.66,"Columbia, MO - Early (Apr 15)"
"Columbia, MO",38.2526,"Early (Apr 15)",105,2023-05-03,123,19,29.8,25.3,34.3,13.69,"Columbia, MO - Early (Apr 15)"
"Columbia, MO",38.2526,"Early (Apr 15)",105,2023-05-04,124,20,29.5,25,34,13.73,"Columbia, MO - Early (Apr 15)"
"Columbia, MO",38.2526,"Early (Apr 15)",105,2023-05-05,125,21,28.6,24.1,33.1,13.76,"Columbia, MO - Early (Apr 15)"
"Columbia, MO",38.2526,"Early (Apr 15)",105,2023-05-06,126,22,21.8,17.3,26.3,13.79,"Columbia, MO - Early (Apr 15)"
"Columbia, MO",38.2526,"Early (Apr 15)",105,2023-05-07,127,23,25,20.5,29.5,13.83,"Columbia, MO - Early (Apr 15)"
"Columbia, MO",38.2526,"Early (Apr 15)",105,2023-05-08,128,24,28.5,24,33,13.86,"Columbia, MO - Early (Apr 15)"
"Columbia, MO",38.2526,"Early (Apr 15)",105,2023-05-09,129,25,27,22.5,31.5,13.89,"Columbia, MO - Early (Apr 15)"
"Columbia, MO",38.2526,"Early (Apr 15)",105,2023-05-10,130,26,28,23.5,32.5,13.92,"Columbia, MO - Early (Apr 15)"
"Columbia, MO",38.2526,"Early (Apr 15)",105,2023-05-11,131,27,34,29.5,38.5,13.95,"Columbia, MO - Early (Apr 15)"
"Columbia, MO",38.2526,"Early (Apr 15)",105,2023-05-12,132,28,25,20.5,29.5,13.98,"Columbia, MO - Early (Apr 15)"
"Columbia, MO",38.2526,"Early (Apr 15)",105,2023-05-13,133,29,21.5,17,26,14.01,"Columbia, MO - Early (Apr 15)"
"Columbia, MO",38.2526,"Early (Apr 15)",105,2023-05-14,134,30,28.3,23.8,32.8,14.04,"Columbia, MO - Early (Apr 15)"
"Columbia, MO",38.2526,"Early (Apr 15)",105,2023-05-15,135,31,25.8,21.3,30.3,14.07,"Columbia, MO - Early (Apr 15)"
"Columbia, MO",38.2526,"Early (Apr 15)",105,2023-05-16,136,32,29.1,24.6,33.6,14.1,"Columbia, MO - Early (Apr 15)"
"Columbia, MO",38.2526,"Early (Apr 15)",105,2023-05-17,137,33,25.7,21.2,30.2,14.13,"Columbia, MO - Early (Apr 15)"
"Columbia, MO",38.2526,"Early (Apr 15)",105,2023-05-18,138,34,34.3,29.8,38.8,14.15,"Columbia, MO - Early (Apr 15)"
"Columbia, MO",38.2526,"Early (Apr 15)",105,2023-05-19,139,35,27.9,23.4,32.4,14.18,"Columbia, MO - Early (Apr 15)"
"Columbia, MO",38.2526,"Early (Apr 15)",105,2023-05-20,140,36,27,22.5,31.5,14.21,"Columbia, MO - Early (Apr 15)"
"Columbia, MO",38.2526,"Early (Apr 15)",105,2023-05-21,141,37,28,23.5,32.5,14.23,"Columbia, MO - Early (Apr 15)"
"Columbia, MO",38.2526,"Early (Apr 15)",105,2023-05-22,142,38,31,26.5,35.5,14.25,"Columbia, MO - Early (Apr 15)"
"Columbia, MO",38.2526,"Early (Apr 15)",105,2023-05-23,143,39,29,24.5,33.5,14.28,"Columbia, MO - Early (Apr 15)"
"Columbia, MO",38.2526,"Early (Apr 15)",105,2023-05-24,144,40,24.3,19.8,28.8,14.3,"Columbia, MO - Early (Apr 15)"
"Columbia, MO",38.2526,"Early (Apr 15)",105,2023-05-25,145,41,29,24.5,33.5,14.32,"Columbia, MO - Early (Apr 15)"
"Columbia, MO",38.2526,"Early (Apr 15)",105,2023-05-26,146,42,31.2,26.7,35.7,14.35,"Columbia, MO - Early (Apr 15)"
"Columbia, MO",38.2526,"Early (Apr 15)",105,2023-05-27,147,43,29.3,24.8,33.8,14.37,"Columbia, MO - Early (Apr 15)"
"Columbia, MO",38.2526,"Early (Apr 15)",105,2023-05-28,148,44,31.4,26.9,35.9,14.39,"Columbia, MO - Early (Apr 15)"
"Columbia, MO",38.2526,"Early (Apr 15)",105,2023-05-29,149,45,29,24.5,33.5,14.41,"Columbia, MO - Early (Apr 15)"
"Columbia, MO",38.2526,"Early (Apr 15)",105,2023-05-30,150,46,29.4,24.9,33.9,14.43,"Columbia, MO - Early (Apr 15)"
"Columbia, MO",38.2526,"Early (Apr 15)",105,2023-05-31,151,47,31,26.5,35.5,14.44,"Columbia, MO - Early (Apr 15)"
"Columbia, MO",38.2526,"Early (Apr 15)",105,2023-06-01,152,48,32.6,28.1,37.1,14.46,"Columbia, MO - Early (Apr 15)"
"Columbia, MO",38.2526,"Early (Apr 15)",105,2023-06-02,153,49,26.4,21.9,30.9,14.48,"Columbia, MO - Early (Apr 15)"
"Columbia, MO",38.2526,"Early (Apr 15)",105,2023-06-03,154,50,29.9,25.4,34.4,14.5,"Columbia, MO - Early (Apr 15)"
"Columbia, MO",38.2526,"Early (Apr 15)",105,2023-06-04,155,51,29.9,25.4,34.4,14.51,"Columbia, MO - Early (Apr 15)"
"Columbia, MO",38.2526,"Early (Apr 15)",105,2023-06-05,156,52,28.1,23.6,32.6,14.52,"Columbia, MO - Early (Apr 15)"
"Columbia, MO",38.2526,"Early (Apr 15)",105,2023-06-06,157,53,27.4,22.9,31.9,14.54,"Columbia, MO - Early (Apr 15)"
"Columbia, MO",38.2526,"Early (Apr 15)",105,2023-06-07,158,54,28.6,24.1,33.1,14.55,"Columbia, MO - Early (Apr 15)"
"Columbia, MO",38.2526,"Early (Apr 15)",105,2023-06-08,159,55,32.1,27.6,36.6,14.56,"Columbia, MO - Early (Apr 15)"
"Columbia, MO",38.2526,"Early (Apr 15)",105,2023-06-09,160,56,29.4,24.9,33.9,14.57,"Columbia, MO - Early (Apr 15)"
"Columbia, MO",38.2526,"Early (Apr 15)",105,2023-06-10,161,57,28.5,24,33,14.59,"Columbia, MO - Early (Apr 15)"
"Columbia, MO",38.2526,"Early (Apr 15)",105,2023-06-11,162,58,31.2,26.7,35.7,14.59,"Columbia, MO - Early (Apr 15)"
"Columbia, MO",38.2526,"Early (Apr 15)",105,2023-06-12,163,59,27.4,22.9,31.9,14.6,"Columbia, MO - Early (Apr 15)"
"Columbia, MO",38.2526,"Early (Apr 15)",105,2023-06-13,164,60,33.8,29.3,38.3,14.61,"Columbia, MO - Early (Apr 15)"
"Columbia, MO",38.2526,"Early (Apr 15)",105,2023-06-14,165,61,29.6,25.1,34.1,14.62,"Columbia, MO - Early (Apr 15)"
"Columbia, MO",38.2526,"Early (Apr 15)",105,2023-06-15,166,62,31.6,27.1,36.1,14.63,"Columbia, MO - Early (Apr 15)"
"Columbia, MO",38.2526,"Early (Apr 15)",105,2023-06-16,167,63,31.3,26.8,35.8,14.63,"Columbia, MO - Early (Apr 15)"
"Columbia, MO",38.2526,"Early (Apr 15)",105,2023-06-17,168,64,31.2,26.7,35.7,14.64,"Columbia, MO - Early (Apr 15)"
"Columbia, MO",38.2526,"Early (Apr 15)",105,2023-06-18,169,65,36.4,31.9,40.9,14.64,"Columbia, MO - Early (Apr 15)"
"Columbia, MO",38.2526,"Early (Apr 15)",105,2023-06-19,170,66,29,24.5,33.5,14.64,"Columbia, MO - Early (Apr 15)"
"Columbia, MO",38.2526,"Early (Apr 15)",105,2023-06-20,171,67,34.6,30.1,39.1,14.64,"Columbia, MO - Early (Apr 15)"
"Columbia, MO",38.2526,"Early (Apr 15)",105,2023-06-21,172,68,31.6,27.1,36.1,14.64,"Columbia, MO - Early (Apr 15)"
"Columbia, MO",38.2526,"Early (Apr 15)",105,2023-06-22,173,69,29.2,24.7,33.7,14.65,"Columbia, MO - Early (Apr 15)"
"Columbia, MO",38.2526,"Early (Apr 15)",105,2023-06-23,174,70,31.4,26.9,35.9,14.64,"Columbia, MO - Early (Apr 15)"
"Columbia, MO",38.2526,"Early (Apr 15)",105,2023-06-24,175,71,33.7,29.2,38.2,14.64,"Columbia, MO - Early (Apr 15)"
"Columbia, MO",38.2526,"Early (Apr 15)",105,2023-06-25,176,72,30.5,26,35,14.64,"Columbia, MO - Early (Apr 15)"
"Columbia, MO",38.2526,"Early (Apr 15)",105,2023-06-26,177,73,29.6,25.1,34.1,14.64,"Columbia, MO - Early (Apr 15)"
"Columbia, MO",38.2526,"Early (Apr 15)",105,2023-06-27,178,74,32.2,27.7,36.7,14.63,"Columbia, MO - Early (Apr 15)"
"Columbia, MO",38.2526,"Early (Apr 15)",105,2023-06-28,179,75,34.6,30.1,39.1,14.63,"Columbia, MO - Early (Apr 15)"
"Columbia, MO",38.2526,"Early (Apr 15)",105,2023-06-29,180,76,31.7,27.2,36.2,14.62,"Columbia, MO - Early (Apr 15)"
"Columbia, MO",38.2526,"Early (Apr 15)",105,2023-06-30,181,77,28,23.5,32.5,14.62,"Columbia, MO - Early (Apr 15)"
"Columbia, MO",38.2526,"Early (Apr 15)",105,2023-07-01,182,78,28.3,23.8,32.8,14.61,"Columbia, MO - Early (Apr 15)"
"Columbia, MO",38.2526,"Early (Apr 15)",105,2023-07-02,183,79,29.9,25.4,34.4,14.6,"Columbia, MO - Early (Apr 15)"
"Columbia, MO",38.2526,"Early (Apr 15)",105,2023-07-03,184,80,30.6,26.1,35.1,14.59,"Columbia, MO - Early (Apr 15)"
"Columbia, MO",38.2526,"Early (Apr 15)",105,2023-07-04,185,81,32,27.5,36.5,14.58,"Columbia, MO - Early (Apr 15)"
"Columbia, MO",38.2526,"Early (Apr 15)",105,2023-07-05,186,82,34,29.5,38.5,14.57,"Columbia, MO - Early (Apr 15)"
"Columbia, MO",38.2526,"Early (Apr 15)",105,2023-07-06,187,83,30.9,26.4,35.4,14.56,"Columbia, MO - Early (Apr 15)"
"Columbia, MO",38.2526,"Early (Apr 15)",105,2023-07-07,188,84,29,24.5,33.5,14.55,"Columbia, MO - Early (Apr 15)"
"Columbia, MO",38.2526,"Early (Apr 15)",105,2023-07-08,189,85,33.9,29.4,38.4,14.54,"Columbia, MO - Early (Apr 15)"
"Columbia, MO",38.2526,"Early (Apr 15)",105,2023-07-09,190,86,32.9,28.4,37.4,14.52,"Columbia, MO - Early (Apr 15)"
"Columbia, MO",38.2526,"Early (Apr 15)",105,2023-07-10,191,87,35.4,30.9,39.9,14.51,"Columbia, MO - Early (Apr 15)"
"Columbia, MO",38.2526,"Early (Apr 15)",105,2023-07-11,192,88,27.5,23,32,14.49,"Columbia, MO - Early (Apr 15)"
"Columbia, MO",38.2526,"Early (Apr 15)",105,2023-07-12,193,89,32.4,27.9,36.9,14.48,"Columbia, MO - Early (Apr 15)"
"Columbia, MO",38.2526,"Early (Apr 15)",105,2023-07-13,194,90,36,31.5,40.5,14.46,"Columbia, MO - Early (Apr 15)"
"Columbia, MO",38.2526,"Early (Apr 15)",105,2023-07-14,195,91,34.2,29.7,38.7,14.44,"Columbia, MO - Early (Apr 15)"
"Columbia, MO",38.2526,"Early (Apr 15)",105,2023-07-15,196,92,29.9,25.4,34.4,14.42,"Columbia, MO - Early (Apr 15)"
"Columbia, MO",38.2526,"Early (Apr 15)",105,2023-07-16,197,93,34.2,29.7,38.7,14.4,"Columbia, MO - Early (Apr 15)"
"Columbia, MO",38.2526,"Early (Apr 15)",105,2023-07-17,198,94,29.7,25.2,34.2,14.38,"Columbia, MO - Early (Apr 15)"
"Columbia, MO",38.2526,"Early (Apr 15)",105,2023-07-18,199,95,30.9,26.4,35.4,14.36,"Columbia, MO - Early (Apr 15)"
"Columbia, MO",38.2526,"Early (Apr 15)",105,2023-07-19,200,96,35.5,31,40,14.34,"Columbia, MO - Early (Apr 15)"
"Columbia, MO",38.2526,"Early (Apr 15)",105,2023-07-20,201,97,31.3,26.8,35.8,14.32,"Columbia, MO - Early (Apr 15)"
"Columbia, MO",38.2526,"Early (Apr 15)",105,2023-07-21,202,98,34.5,30,39,14.3,"Columbia, MO - Early (Apr 15)"
"Columbia, MO",38.2526,"Early (Apr 15)",105,2023-07-22,203,99,31.3,26.8,35.8,14.28,"Columbia, MO - Early (Apr 15)"
"Columbia, MO",38.2526,"Early (Apr 15)",105,2023-07-23,204,100,27.7,23.2,32.2,14.25,"Columbia, MO - Early (Apr 15)"
"Columbia, MO",38.2526,"Early (Apr 15)",105,2023-07-24,205,101,29.7,25.2,34.2,14.23,"Columbia, MO - Early (Apr 15)"
"Columbia, MO",38.2526,"Early (Apr 15)",105,2023-07-25,206,102,29,24.5,33.5,14.2,"Columbia, MO - Early (Apr 15)"
"Columbia, MO",38.2526,"Early (Apr 15)",105,2023-07-26,207,103,30.6,26.1,35.1,14.18,"Columbia, MO - Early (Apr 15)"
"Columbia, MO",38.2526,"Early (Apr 15)",105,2023-07-27,208,104,31,26.5,35.5,14.15,"Columbia, MO - Early (Apr 15)"
"Columbia, MO",38.2526,"Early (Apr 15)",105,2023-07-28,209,105,31.5,27,36,14.13,"Columbia, MO - Early (Apr 15)"
"Columbia, MO",38.2526,"Early (Apr 15)",105,2023-07-29,210,106,31.2,26.7,35.7,14.1,"Columbia, MO - Early (Apr 15)"
"Columbia, MO",38.2526,"Early (Apr 15)",105,2023-07-30,211,107,37.1,32.6,41.6,14.07,"Columbia, MO - Early (Apr 15)"
"Columbia, MO",38.2526,"Early (Apr 15)",105,2023-07-31,212,108,27.9,23.4,32.4,14.04,"Columbia, MO - Early (Apr 15)"
"Columbia, MO",38.2526,"Early (Apr 15)",105,2023-08-01,213,109,30.6,26.1,35.1,14.01,"Columbia, MO - Early (Apr 15)"
"Columbia, MO",38.2526,"Early (Apr 15)",105,2023-08-02,214,110,32.7,28.2,37.2,13.98,"Columbia, MO - Early (Apr 15)"
"Columbia, MO",38.2526,"Early (Apr 15)",105,2023-08-03,215,111,36.2,31.7,40.7,13.95,"Columbia, MO - Early (Apr 15)"
"Columbia, MO",38.2526,"Early (Apr 15)",105,2023-08-04,216,112,31.9,27.4,36.4,13.92,"Columbia, MO - Early (Apr 15)"
"Columbia, MO",38.2526,"Early (Apr 15)",105,2023-08-05,217,113,35,30.5,39.5,13.89,"Columbia, MO - Early (Apr 15)"
"Columbia, MO",38.2526,"Early (Apr 15)",105,2023-08-06,218,114,26.9,22.4,31.4,13.86,"Columbia, MO - Early (Apr 15)"
"Columbia, MO",38.2526,"Early (Apr 15)",105,2023-08-07,219,115,35.5,31,40,13.83,"Columbia, MO - Early (Apr 15)"
"Columbia, MO",38.2526,"Early (Apr 15)",105,2023-08-08,220,116,29.4,24.9,33.9,13.8,"Columbia, MO - Early (Apr 15)"
"Columbia, MO",38.2526,"Early (Apr 15)",105,2023-08-09,221,117,30.5,26,35,13.77,"Columbia, MO - Early (Apr 15)"
"Columbia, MO",38.2526,"Early (Apr 15)",105,2023-08-10,222,118,28.1,23.6,32.6,13.73,"Columbia, MO - Early (Apr 15)"
"Columbia, MO",38.2526,"Early (Apr 15)",105,2023-08-11,223,119,31.5,27,36,13.7,"Columbia, MO - Early (Apr 15)"
"Columbia, MO",38.2526,"Early (Apr 15)",105,2023-08-12,224,120,36.1,31.6,40.6,13.67,"Columbia, MO - Early (Apr 15)"
"Columbia, MO",38.2526,"Early (Apr 15)",105,2023-08-13,225,121,37.8,33.3,42.3,13.63,"Columbia, MO - Early (Apr 15)"
"Columbia, MO",38.2526,"Early (Apr 15)",105,2023-08-14,226,122,27.9,23.4,32.4,13.6,"Columbia, MO - Early (Apr 15)"
"Columbia, MO",38.2526,"Early (Apr 15)",105,2023-08-15,227,123,32.2,27.7,36.7,13.56,"Columbia, MO - Early (Apr 15)"
"Columbia, MO",38.2526,"Early (Apr 15)",105,2023-08-16,228,124,34.6,30.1,39.1,13.53,"Columbia, MO - Early (Apr 15)"
"Columbia, MO",38.2526,"Early (Apr 15)",105,2023-08-17,229,125,30.1,25.6,34.6,13.49,"Columbia, MO - Early (Apr 15)"
"Columbia, MO",38.2526,"Early (Apr 15)",105,2023-08-18,230,126,30,25.5,34.5,13.46,"Columbia, MO - Early (Apr 15)"
"Columbia, MO",38.2526,"Early (Apr 15)",105,2023-08-19,231,127,29.6,25.1,34.1,13.42,"Columbia, MO - Early (Apr 15)"
"Columbia, MO",38.2526,"Early (Apr 15)",105,2023-08-20,232,128,32.1,27.6,36.6,13.38,"Columbia, MO - Early (Apr 15)"
"Columbia, MO",38.2526,"Early (Apr 15)",105,2023-08-21,233,129,34.2,29.7,38.7,13.35,"Columbia, MO - Early (Apr 15)"
"Columbia, MO",38.2526,"Early (Apr 15)",105,2023-08-22,234,130,32.1,27.6,36.6,13.31,"Columbia, MO - Early (Apr 15)"
"Columbia, MO",38.2526,"Late (Jun 15)",166,2023-06-15,166,1,32,27.5,36.5,14.63,"Columbia, MO - Late (Jun 15)"
"Columbia, MO",38.2526,"Late (Jun 15)",166,2023-06-16,167,2,30.3,25.8,34.8,14.63,"Columbia, MO - Late (Jun 15)"
"Columbia, MO",38.2526,"Late (Jun 15)",166,2023-06-17,168,3,32.6,28.1,37.1,14.64,"Columbia, MO - Late (Jun 15)"
"Columbia, MO",38.2526,"Late (Jun 15)",166,2023-06-18,169,4,29.8,25.3,34.3,14.64,"Columbia, MO - Late (Jun 15)"
"Columbia, MO",38.2526,"Late (Jun 15)",166,2023-06-19,170,5,30.6,26.1,35.1,14.64,"Columbia, MO - Late (Jun 15)"
"Columbia, MO",38.2526,"Late (Jun 15)",166,2023-06-20,171,6,34.5,30,39,14.64,"Columbia, MO - Late (Jun 15)"
"Columbia, MO",38.2526,"Late (Jun 15)",166,2023-06-21,172,7,32.7,28.2,37.2,14.64,"Columbia, MO - Late (Jun 15)"
"Columbia, MO",38.2526,"Late (Jun 15)",166,2023-06-22,173,8,32.2,27.7,36.7,14.65,"Columbia, MO - Late (Jun 15)"
"Columbia, MO",38.2526,"Late (Jun 15)",166,2023-06-23,174,9,30.9,26.4,35.4,14.64,"Columbia, MO - Late (Jun 15)"
"Columbia, MO",38.2526,"Late (Jun 15)",166,2023-06-24,175,10,34.3,29.8,38.8,14.64,"Columbia, MO - Late (Jun 15)"
"Columbia, MO",38.2526,"Late (Jun 15)",166,2023-06-25,176,11,35.4,30.9,39.9,14.64,"Columbia, MO - Late (Jun 15)"
"Columbia, MO",38.2526,"Late (Jun 15)",166,2023-06-26,177,12,29.3,24.8,33.8,14.64,"Columbia, MO - Late (Jun 15)"
"Columbia, MO",38.2526,"Late (Jun 15)",166,2023-06-27,178,13,32,27.5,36.5,14.63,"Columbia, MO - Late (Jun 15)"
"Columbia, MO",38.2526,"Late (Jun 15)",166,2023-06-28,179,14,32,27.5,36.5,14.63,"Columbia, MO - Late (Jun 15)"
"Columbia, MO",38.2526,"Late (Jun 15)",166,2023-06-29,180,15,30.3,25.8,34.8,14.62,"Columbia, MO - Late (Jun 15)"
"Columbia, MO",38.2526,"Late (Jun 15)",166,2023-06-30,181,16,29.1,24.6,33.6,14.62,"Columbia, MO - Late (Jun 15)"
"Columbia, MO",38.2526,"Late (Jun 15)",166,2023-07-01,182,17,32,27.5,36.5,14.61,"Columbia, MO - Late (Jun 15)"
"Columbia, MO",38.2526,"Late (Jun 15)",166,2023-07-02,183,18,33.8,29.3,38.3,14.6,"Columbia, MO - Late (Jun 15)"
"Columbia, MO",38.2526,"Late (Jun 15)",166,2023-07-03,184,19,36.2,31.7,40.7,14.59,"Columbia, MO - Late (Jun 15)"
"Columbia, MO",38.2526,"Late (Jun 15)",166,2023-07-04,185,20,26.7,22.2,31.2,14.58,"Columbia, MO - Late (Jun 15)"
"Columbia, MO",38.2526,"Late (Jun 15)",166,2023-07-05,186,21,30.1,25.6,34.6,14.57,"Columbia, MO - Late (Jun 15)"
"Columbia, MO",38.2526,"Late (Jun 15)",166,2023-07-06,187,22,31.2,26.7,35.7,14.56,"Columbia, MO - Late (Jun 15)"
"Columbia, MO",38.2526,"Late (Jun 15)",166,2023-07-07,188,23,27.5,23,32,14.55,"Columbia, MO - Late (Jun 15)"
"Columbia, MO",38.2526,"Late (Jun 15)",166,2023-07-08,189,24,30,25.5,34.5,14.54,"Columbia, MO - Late (Jun 15)"
"Columbia, MO",38.2526,"Late (Jun 15)",166,2023-07-09,190,25,30,25.5,34.5,14.52,"Columbia, MO - Late (Jun 15)"
"Columbia, MO",38.2526,"Late (Jun 15)",166,2023-07-10,191,26,30.2,25.7,34.7,14.51,"Columbia, MO - Late (Jun 15)"
"Columbia, MO",38.2526,"Late (Jun 15)",166,2023-07-11,192,27,26.1,21.6,30.6,14.49,"Columbia, MO - Late (Jun 15)"
"Columbia, MO",38.2526,"Late (Jun 15)",166,2023-07-12,193,28,32.8,28.3,37.3,14.48,"Columbia, MO - Late (Jun 15)"
"Columbia, MO",38.2526,"Late (Jun 15)",166,2023-07-13,194,29,30.4,25.9,34.9,14.46,"Columbia, MO - Late (Jun 15)"
"Columbia, MO",38.2526,"Late (Jun 15)",166,2023-07-14,195,30,36.5,32,41,14.44,"Columbia, MO - Late (Jun 15)"
"Columbia, MO",38.2526,"Late (Jun 15)",166,2023-07-15,196,31,34.4,29.9,38.9,14.42,"Columbia, MO - Late (Jun 15)"
"Columbia, MO",38.2526,"Late (Jun 15)",166,2023-07-16,197,32,28.1,23.6,32.6,14.4,"Columbia, MO - Late (Jun 15)"
"Columbia, MO",38.2526,"Late (Jun 15)",166,2023-07-17,198,33,32.5,28,37,14.38,"Columbia, MO - Late (Jun 15)"
"Columbia, MO",38.2526,"Late (Jun 15)",166,2023-07-18,199,34,30.5,26,35,14.36,"Columbia, MO - Late (Jun 15)"
"Columbia, MO",38.2526,"Late (Jun 15)",166,2023-07-19,200,35,34.7,30.2,39.2,14.34,"Columbia, MO - Late (Jun 15)"
"Columbia, MO",38.2526,"Late (Jun 15)",166,2023-07-20,201,36,32.3,27.8,36.8,14.32,"Columbia, MO - Late (Jun 15)"
"Columbia, MO",38.2526,"Late (Jun 15)",166,2023-07-21,202,37,30.6,26.1,35.1,14.3,"Columbia, MO - Late (Jun 15)"
"Columbia, MO",38.2526,"Late (Jun 15)",166,2023-07-22,203,38,33.3,28.8,37.8,14.28,"Columbia, MO - Late (Jun 15)"
"Columbia, MO",38.2526,"Late (Jun 15)",166,2023-07-23,204,39,32.5,28,37,14.25,"Columbia, MO - Late (Jun 15)"
"Columbia, MO",38.2526,"Late (Jun 15)",166,2023-07-24,205,40,31.6,27.1,36.1,14.23,"Columbia, MO - Late (Jun 15)"
"Columbia, MO",38.2526,"Late (Jun 15)",166,2023-07-25,206,41,37.7,33.2,42.2,14.2,"Columbia, MO - Late (Jun 15)"
"Columbia, MO",38.2526,"Late (Jun 15)",166,2023-07-26,207,42,30.5,26,35,14.18,"Columbia, MO - Late (Jun 15)"
"Columbia, MO",38.2526,"Late (Jun 15)",166,2023-07-27,208,43,30.7,26.2,35.2,14.15,"Columbia, MO - Late (Jun 15)"
"Columbia, MO",38.2526,"Late (Jun 15)",166,2023-07-28,209,44,27.6,23.1,32.1,14.13,"Columbia, MO - Late (Jun 15)"
"Columbia, MO",38.2526,"Late (Jun 15)",166,2023-07-29,210,45,31.8,27.3,36.3,14.1,"Columbia, MO - Late (Jun 15)"
"Columbia, MO",38.2526,"Late (Jun 15)",166,2023-07-30,211,46,34.3,29.8,38.8,14.07,"Columbia, MO - Late (Jun 15)"
"Columbia, MO",38.2526,"Late (Jun 15)",166,2023-07-31,212,47,26,21.5,30.5,14.04,"Columbia, MO - Late (Jun 15)"
"Columbia, MO",38.2526,"Late (Jun 15)",166,2023-08-01,213,48,31.1,26.6,35.6,14.01,"Columbia, MO - Late (Jun 15)"
"Columbia, MO",38.2526,"Late (Jun 15)",166,2023-08-02,214,49,28.4,23.9,32.9,13.98,"Columbia, MO - Late (Jun 15)"
"Columbia, MO",38.2526,"Late (Jun 15)",166,2023-08-03,215,50,35.7,31.2,40.2,13.95,"Columbia, MO - Late (Jun 15)"
"Columbia, MO",38.2526,"Late (Jun 15)",166,2023-08-04,216,51,35.4,30.9,39.9,13.92,"Columbia, MO - Late (Jun 15)"
"Columbia, MO",38.2526,"Late (Jun 15)",166,2023-08-05,217,52,32.5,28,37,13.89,"Columbia, MO - Late (Jun 15)"
"Columbia, MO",38.2526,"Late (Jun 15)",166,2023-08-06,218,53,35.5,31,40,13.86,"Columbia, MO - Late (Jun 15)"
"Columbia, MO",38.2526,"Late (Jun 15)",166,2023-08-07,219,54,29,24.5,33.5,13.83,"Columbia, MO - Late (Jun 15)"
"Columbia, MO",38.2526,"Late (Jun 15)",166,2023-08-08,220,55,34,29.5,38.5,13.8,"Columbia, MO - Late (Jun 15)"
"Columbia, MO",38.2526,"Late (Jun 15)",166,2023-08-09,221,56,29.7,25.2,34.2,13.77,"Columbia, MO - Late (Jun 15)"
"Columbia, MO",38.2526,"Late (Jun 15)",166,2023-08-10,222,57,32.1,27.6,36.6,13.73,"Columbia, MO - Late (Jun 15)"
"Columbia, MO",38.2526,"Late (Jun 15)",166,2023-08-11,223,58,30.3,25.8,34.8,13.7,"Columbia, MO - Late (Jun 15)"
"Columbia, MO",38.2526,"Late (Jun 15)",166,2023-08-12,224,59,30.3,25.8,34.8,13.67,"Columbia, MO - Late (Jun 15)"
"Columbia, MO",38.2526,"Late (Jun 15)",166,2023-08-13,225,60,32.5,28,37,13.63,"Columbia, MO - Late (Jun 15)"
"Columbia, MO",38.2526,"Late (Jun 15)",166,2023-08-14,226,61,27.3,22.8,31.8,13.6,"Columbia, MO - Late (Jun 15)"
"Columbia, MO",38.2526,"Late (Jun 15)",166,2023-08-15,227,62,30.1,25.6,34.6,13.56,"Columbia, MO - Late (Jun 15)"
"Columbia, MO",38.2526,"Late (Jun 15)",166,2023-08-16,228,63,31.2,26.7,35.7,13.53,"Columbia, MO - Late (Jun 15)"
"Columbia, MO",38.2526,"Late (Jun 15)",166,2023-08-17,229,64,29.5,25,34,13.49,"Columbia, MO - Late (Jun 15)"
"Columbia, MO",38.2526,"Late (Jun 15)",166,2023-08-18,230,65,30.9,26.4,35.4,13.46,"Columbia, MO - Late (Jun 15)"
"Columbia, MO",38.2526,"Late (Jun 15)",166,2023-08-19,231,66,29.6,25.1,34.1,13.42,"Columbia, MO - Late (Jun 15)"
"Columbia, MO",38.2526,"Late (Jun 15)",166,2023-08-20,232,67,34.9,30.4,39.4,13.38,"Columbia, MO - Late (Jun 15)"
"Columbia, MO",38.2526,"Late (Jun 15)",166,2023-08-21,233,68,32.3,27.8,36.8,13.35,"Columbia, MO - Late (Jun 15)"
"Columbia, MO",38.2526,"Late (Jun 15)",166,2023-08-22,234,69,38.5,34,43,13.31,"Columbia, MO - Late (Jun 15)"
"Columbia, MO",38.2526,"Late (Jun 15)",166,2023-08-23,235,70,27.9,23.4,32.4,13.27,"Columbia, MO - Late (Jun 15)"
"Columbia, MO",38.2526,"Late (Jun 15)",166,2023-08-24,236,71,32.3,27.8,36.8,13.24,"Columbia, MO - Late (Jun 15)"
"Columbia, MO",38.2526,"Late (Jun 15)",166,2023-08-25,237,72,35.8,31.3,40.3,13.2,"Columbia, MO - Late (Jun 15)"
"Columbia, MO",38.2526,"Late (Jun 15)",166,2023-08-26,238,73,30.6,26.1,35.1,13.16,"Columbia, MO - Late (Jun 15)"
"Columbia, MO",38.2526,"Late (Jun 15)",166,2023-08-27,239,74,26.6,22.1,31.1,13.12,"Columbia, MO - Late (Jun 15)"
"Columbia, MO",38.2526,"Late (Jun 15)",166,2023-08-28,240,75,26.7,22.2,31.2,13.08,"Columbia, MO - Late (Jun 15)"
"Columbia, MO",38.2526,"Late (Jun 15)",166,2023-08-29,241,76,29.4,24.9,33.9,13.04,"Columbia, MO - Late (Jun 15)"
"Columbia, MO",38.2526,"Late (Jun 15)",166,2023-08-30,242,77,33,28.5,37.5,13.01,"Columbia, MO - Late (Jun 15)"
"Columbia, MO",38.2526,"Late (Jun 15)",166,2023-08-31,243,78,31.3,26.8,35.8,12.97,"Columbia, MO - Late (Jun 15)"
"Columbia, MO",38.2526,"Late (Jun 15)",166,2023-09-01,244,79,23.1,18.6,27.6,12.93,"Columbia, MO - Late (Jun 15)"
"Columbia, MO",38.2526,"Late (Jun 15)",166,2023-09-02,245,80,27,22.5,31.5,12.89,"Columbia, MO - Late (Jun 15)"
"Columbia, MO",38.2526,"Late (Jun 15)",166,2023-09-03,246,81,28.8,24.3,33.3,12.85,"Columbia, MO - Late (Jun 15)"
"Columbia, MO",38.2526,"Late (Jun 15)",166,2023-09-04,247,82,24.7,20.2,29.2,12.81,"Columbia, MO - Late (Jun 15)"
"Columbia, MO",38.2526,"Late (Jun 15)",166,2023-09-05,248,83,30.6,26.1,35.1,12.77,"Columbia, MO - Late (Jun 15)"
"Columbia, MO",38.2526,"Late (Jun 15)",166,2023-09-06,249,84,21.6,17.1,26.1,12.73,"Columbia, MO - Late (Jun 15)"
"Columbia, MO",38.2526,"Late (Jun 15)",166,2023-09-07,250,85,28.8,24.3,33.3,12.69,"Columbia, MO - Late (Jun 15)"
"Columbia, MO",38.2526,"Late (Jun 15)",166,2023-09-08,251,86,27.1,22.6,31.6,12.65,"Columbia, MO - Late (Jun 15)"
"Columbia, MO",38.2526,"Late (Jun 15)",166,2023-09-09,252,87,26.7,22.2,31.2,12.61,"Columbia, MO - Late (Jun 15)"
"Columbia, MO",38.2526,"Late (Jun 15)",166,2023-09-10,253,88,27.2,22.7,31.7,12.57,"Columbia, MO - Late (Jun 15)"
"Columbia, MO",38.2526,"Late (Jun 15)",166,2023-09-11,254,89,28.7,24.2,33.2,12.52,"Columbia, MO - Late (Jun 15)"
"Columbia, MO",38.2526,"Late (Jun 15)",166,2023-09-12,255,90,28.8,24.3,33.3,12.48,"Columbia, MO - Late (Jun 15)"
"Columbia, MO",38.2526,"Late (Jun 15)",166,2023-09-13,256,91,26.9,22.4,31.4,12.44,"Columbia, MO - Late (Jun 15)"
"Columbia, MO",38.2526,"Late (Jun 15)",166,2023-09-14,257,92,22,17.5,26.5,12.4,"Columbia, MO - Late (Jun 15)"
"Columbia, MO",38.2526,"Late (Jun 15)",166,2023-09-15,258,93,23.3,18.8,27.8,12.36,"Columbia, MO - Late (Jun 15)"
"Columbia, MO",38.2526,"Late (Jun 15)",166,2023-09-16,259,94,23,18.5,27.5,12.32,"Columbia, MO - Late (Jun 15)"
"Columbia, MO",38.2526,"Late (Jun 15)",166,2023-09-17,260,95,29.1,24.6,33.6,12.28,"Columbia, MO - Late (Jun 15)"
"Columbia, MO",38.2526,"Late (Jun 15)",166,2023-09-18,261,96,26.2,21.7,30.7,12.24,"Columbia, MO - Late (Jun 15)"
"Columbia, MO",38.2526,"Late (Jun 15)",166,2023-09-19,262,97,27.5,23,32,12.19,"Columbia, MO - Late (Jun 15)"
"Columbia, MO",38.2526,"Late (Jun 15)",166,2023-09-20,263,98,22.2,17.7,26.7,12.15,"Columbia, MO - Late (Jun 15)"
"Columbia, MO",38.2526,"Late (Jun 15)",166,2023-09-21,264,99,24.9,20.4,29.4,12.11,"Columbia, MO - Late (Jun 15)"
"Columbia, MO",38.2526,"Late (Jun 15)",166,2023-09-22,265,100,27.9,23.4,32.4,12.07,"Columbia, MO - Late (Jun 15)"
"Columbia, MO",38.2526,"Late (Jun 15)",166,2023-09-23,266,101,25.6,21.1,30.1,12.03,"Columbia, MO - Late (Jun 15)"
"Columbia, MO",38.2526,"Late (Jun 15)",166,2023-09-24,267,102,25.7,21.2,30.2,11.98,"Columbia, MO - Late (Jun 15)"
"Columbia, MO",38.2526,"Late (Jun 15)",166,2023-09-25,268,103,25.6,21.1,30.1,11.94,"Columbia, MO - Late (Jun 15)"
"Columbia, MO",38.2526,"Late (Jun 15)",166,2023-09-26,269,104,29.1,24.6,33.6,11.9,"Columbia, MO - Late (Jun 15)"
"Columbia, MO",38.2526,"Late (Jun 15)",166,2023-09-27,270,105,23.8,19.3,28.3,11.86,"Columbia, MO - Late (Jun 15)"
"Columbia, MO",38.2526,"Late (Jun 15)",166,2023-09-28,271,106,27.3,22.8,31.8,11.82,"Columbia, MO - Late (Jun 15)"
"Columbia, MO",38.2526,"Late (Jun 15)",166,2023-09-29,272,107,27.7,23.2,32.2,11.78,"Columbia, MO - Late (Jun 15)"
"Columbia, MO",38.2526,"Late (Jun 15)",166,2023-09-30,273,108,21.7,17.2,26.2,11.73,"Columbia, MO - Late (Jun 15)"
"Columbia, MO",38.2526,"Late (Jun 15)",166,2023-10-01,274,109,25.3,20.8,29.8,11.69,"Columbia, MO - Late (Jun 15)"
"Columbia, MO",38.2526,"Late (Jun 15)",166,2023-10-02,275,110,24.7,20.2,29.2,11.65,"Columbia, MO - Late (Jun 15)"
"Columbia, MO",38.2526,"Late (Jun 15)",166,2023-10-03,276,111,27.5,23,32,11.61,"Columbia, MO - Late (Jun 15)"
"Columbia, MO",38.2526,"Late (Jun 15)",166,2023-10-04,277,112,27,22.5,31.5,11.57,"Columbia, MO - Late (Jun 15)"
"Columbia, MO",38.2526,"Late (Jun 15)",166,2023-10-05,278,113,24.3,19.8,28.8,11.52,"Columbia, MO - Late (Jun 15)"
"Columbia, MO",38.2526,"Late (Jun 15)",166,2023-10-06,279,114,24.5,20,29,11.48,"Columbia, MO - Late (Jun 15)"
"Columbia, MO",38.2526,"Late (Jun 15)",166,2023-10-07,280,115,22,17.5,26.5,11.44,"Columbia, MO - Late (Jun 15)"
"Columbia, MO",38.2526,"Late (Jun 15)",166,2023-10-08,281,116,23.3,18.8,27.8,11.4,"Columbia, MO - Late (Jun 15)"
"Columbia, MO",38.2526,"Late (Jun 15)",166,2023-10-09,282,117,20.8,16.3,25.3,11.36,"Columbia, MO - Late (Jun 15)"
"Columbia, MO",38.2526,"Late (Jun 15)",166,2023-10-10,283,118,20.8,16.3,25.3,11.32,"Columbia, MO - Late (Jun 15)"
"Columbia, MO",38.2526,"Late (Jun 15)",166,2023-10-11,284,119,19.9,15.4,24.4,11.28,"Columbia, MO - Late (Jun 15)"
"Columbia, MO",38.2526,"Late (Jun 15)",166,2023-10-12,285,120,25.5,21,30,11.23,"Columbia, MO - Late (Jun 15)"
"Columbia, MO",38.2526,"Late (Jun 15)",166,2023-10-13,286,121,26.3,21.8,30.8,11.19,"Columbia, MO - Late (Jun 15)"
"Columbia, MO",38.2526,"Late (Jun 15)",166,2023-10-14,287,122,22,17.5,26.5,11.15,"Columbia, MO - Late (Jun 15)"
"Columbia, MO",38.2526,"Late (Jun 15)",166,2023-10-15,288,123,20,15.5,24.5,11.11,"Columbia, MO - Late (Jun 15)"
"Columbia, MO",38.2526,"Late (Jun 15)",166,2023-10-16,289,124,23,18.5,27.5,11.07,"Columbia, MO - Late (Jun 15)"
"Columbia, MO",38.2526,"Late (Jun 15)",166,2023-10-17,290,125,29.5,25,34,11.03,"Columbia, MO - Late (Jun 15)"
"Columbia, MO",38.2526,"Late (Jun 15)",166,2023-10-18,291,126,28.9,24.4,33.4,10.99,"Columbia, MO - Late (Jun 15)"
"Columbia, MO",38.2526,"Late (Jun 15)",166,2023-10-19,292,127,18.4,13.9,22.9,10.95,"Columbia, MO - Late (Jun 15)"
"Columbia, MO",38.2526,"Late (Jun 15)",166,2023-10-20,293,128,22.2,17.7,26.7,10.91,"Columbia, MO - Late (Jun 15)"
"Columbia, MO",38.2526,"Late (Jun 15)",166,2023-10-21,294,129,27.5,23,32,10.87,"Columbia, MO - Late (Jun 15)"
"Columbia, MO",38.2526,"Late (Jun 15)",166,2023-10-22,295,130,23.1,18.6,27.6,10.83,"Columbia, MO - Late (Jun 15)"
